"team_won","first_team","second_team","category"
"Pakistan","West Indies 286 and 152","Pakistan 407 and 36/3 (10.5 ov, target: 32)



 Scorecard

	Report

	Articles","Test"
"West","West Indies 312 and 268","Pakistan 393 and 81 (34.4 ov, target: 188)



 Scorecard

	Report

	Articles","Test"
"Pakistan","Pakistan 376 and 174/8d","West Indies 247 and 202 (96 ov, target: 304)



 Scorecard

	Report

	Articles","Test"
"England","England 458 and 233","South Africa 361 and 119 (36.4 ov, target: 331)



 Scorecard

	Report

	Articles","Test"
"South","South Africa 335 and 343/9d","England 205 and 133 (44.2 ov, target: 474)



 Scorecard

	Report

	Articles","Test"
"England","England 353 and 313/8d","South Africa 175 and 252 (77.1 ov, target: 492)



 Scorecard

	Report

	Articles","Test"
"England","England 362 and 243","South Africa 226 and 202 (62.5 ov, target: 380)



 Scorecard

	Report

	Articles","Test"
"Sri","Zimbabwe 356 and 377","Sri Lanka 346 and 391/6 (114.5 ov, target: 388)



 Scorecard

	Report

	Articles","Test"
"India","India 600 and 240/3d","Sri Lanka 291 and 245 (76.5 ov, target: 550)



 Scorecard

	Report

	Articles","Test"
"India","India 622/9d","Sri Lanka 183 and 386 (116.5 ov)","Test"
"India","India 487","Sri Lanka 135 and 181 (74.3 ov)","Test"
"England","England 514/8d","West Indies 168 and 137 (45.4 ov)","Test"
"West","England 258 and 490/8d","West Indies 427 and 322/5 (91.2 ov, target: 322)



 Scorecard

	Report

	Articles","Test"
"England","West Indies 123 and 177","England 194 and 107/1 (28 ov, target: 107)



 Scorecard

	Report

	Articles","Test"
"Bangladesh","Bangladesh 260 and 221","Australia 217 and 244 (70.5 ov, target: 265)



 Scorecard

	Report

	Articles","Test"
"Australia","Bangladesh 305 and 157","Australia 377 and 87/3 (15.3 ov, target: 86)



 Scorecard

	Report

	Articles","Test"
"Namibia","Hong Kong 194/9 (50/50 ov)","Namibia 195/9","ODI"
"Hong","Namibia 109 (36.1/50 ov)","Hong Kong 113/2","ODI"
"Netherlands","Papua New Guinea 122/9 (24/24 ov)","Netherlands 125/5","ODI"
"Netherlands","Netherlands 297/6 (50/50 ov)","Papua New Guinea 212","ODI"
"United","Kenya 171 (40.5/50 ov)","United Arab Emirates 173/5","ODI"
"Kenya","Kenya 270/6 (50/50 ov)","United Arab Emirates 205","ODI"
"Scotland","Scotland 235/7 (36/36 ov)","Nepal 232/5","ODI"
"Scotland","Nepal 167 (49.1/50 ov)","Scotland 111/1","ODI"
"Kenya","Kenya 287/7 (50/50 ov)","Namibia 276","ODI"
"Kenya","Kenya 215 (50/50 ov)","Namibia 123","ODI"
"Papua","Nepal 232/8 (50/50 ov)","Papua New Guinea 235/8","ODI"
"Hong","Hong Kong 298/4 (50/50 ov)","United Arab Emirates 209","ODI"
"Papua","Nepal 224/8 (50/50 ov)","Papua New Guinea 225/7","ODI"
"Hong","Hong Kong 282/8 (50/50 ov)","United Arab Emirates 146","ODI"
"Hong","Hong Kong 259 (49.1/50 ov)","Scotland 150","ODI"
"Netherlands","United Arab Emirates 112 (36/50 ov)","Netherlands 114/3","ODI"
"Netherlands","Netherlands 216 (49.4/50 ov)","United Arab Emirates 210","ODI"
"Nepal","Namibia 195/9 (50/50 ov)","Nepal 197/5","ODI"
"Nepal","Namibia 239/9 (50/50 ov)","Nepal 240/7","ODI"
"Papua","Kenya 188 (47/50 ov)","Papua New Guinea 191/4","ODI"
"Papua","Papua New Guinea 249/6 (50/50 ov)","Kenya 228","ODI"
"Netherlands","Nepal 94 (38.1/50 ov)","Netherlands 96/3","ODI"
"Scotland","Scotland 327/5 (50/50 ov)","United Arab Emirates 229","ODI"
"Nepal","Nepal 217/9 (50/50 ov)","Netherlands 198","ODI"
"Scotland","United Arab Emirates 228 (45.4/50 ov)","Scotland 229/3","ODI"
"Papua","Namibia 273/4 (50/50 ov)","Papua New Guinea 274/5","ODI"
"Papua","Namibia 212 (50/50 ov)","Papua New Guinea 213/4","ODI"
"Kenya","Hong Kong 222 (46.2/50 ov)","Kenya 201/7","ODI"
"Hong","Hong Kong 148/4 (25.1/25.1 ov)","Kenya 133 (23/25 ov, target: 173)



 Scorecard

	Report

	Photos","ODI"
"Netherlands","Netherlands 330/7 (50/50 ov)","Hong Kong 325/9","ODI"
"Netherlands","Netherlands 314/9 (50/50 ov)","Hong Kong 301/8","ODI"
"Kenya","Nepal 112/8 (36/36 ov)","Kenya 98/5","ODI"
"Nepal","Kenya 155 (46.1/50 ov)","Nepal 160/3","ODI"
"United","United Arab Emirates 292/5 (50/50 ov)","Papua New Guinea 210","ODI"
"Papua","Papua New Guinea 232/8 (50/50 ov)","United Arab Emirates 206","ODI"
"Scotland","Scotland 268/5 (43/43 ov)","Namibia 217 (39.4/43 ov)



 Scorecard

	Report

	Articles","ODI"
"Namibia","Namibia 324/5 (50/50 ov)","Scotland 274/9","ODI"
"United","Namibia 89 (28.3/50 ov)","United Arab Emirates 92/4","ODI"
"Namibia","United Arab Emirates 272/7 (50/50 ov)","Namibia 274/6","ODI"
"Scotland","Scotland 278/9 (50/50 ov)","Papua New Guinea 177","ODI"
"Netherlands","Kenya 226/7 (50/50 ov)","Netherlands 227/4","ODI"
"Papua","Scotland 203 (49.2/50 ov)","Papua New Guinea 204/5","ODI"
"Kenya","Netherlands 224/9 (50/50 ov)","Kenya 225/8","ODI"
"Hong","Hong Kong 194 (50/50 ov)","Nepal 111","ODI"
"United","United Arab Emirates 292/5 (50/50 ov)","Papua New Guinea 210","ODI"
"Papua","Papua New Guinea 232/8 (50/50 ov)","United Arab Emirates 206","ODI"
"United","United Arab Emirates 251/9 (50/50 ov)","Papua New Guinea 148","ODI"
"West","Pakistan 308/5 (50/50 ov)","West Indies 309/6","ODI"
"Pakistan","Pakistan 282/5 (50/50 ov)","West Indies 208","ODI"
"Pakistan","West Indies 233/9 (50/50 ov)","Pakistan 236/4","ODI"
"England","Ireland 126 (33/50 ov)","England 127/3","ODI"
"England","England 328/6 (50/50 ov)","Ireland 243","ODI"
"New","New Zealand 289/7 (50/50 ov)","Ireland 238","ODI"
"New","Bangladesh 257/9 (50/50 ov)","New Zealand 258/6","ODI"
"Bangladesh","Ireland 181 (46.3/50 ov)","Bangladesh 182/2","ODI"
"New","New Zealand 344/6 (50/50 ov)","Ireland 154","ODI"
"Bangladesh","New Zealand 270/8 (50/50 ov)","Bangladesh 271/5","ODI"
"England","England 339/6 (50/50 ov)","South Africa 267","ODI"
"England","England 330/6 (50/50 ov)","South Africa 328/5","ODI"
"South","England 153 (31.1/50 ov)","South Africa 156/3","ODI"
"England","Bangladesh 305/6 (50/50 ov)","England 308/2","ODI"
"No","New Zealand 291 (45/46 ov)","Australia 53/3","ODI"
"South","South Africa 299/6 (50/50 ov)","Sri Lanka 203","ODI"
"India","India 319/3 (48/48 ov)","Pakistan 164 (33.4/41 ov, target: 289)



 Scorecard

	Report

	Articles","ODI"
"No","Bangladesh 182 (44.3/50 ov)","Australia 83/1","ODI"
"England","England 310 (49.3/50 ov)","New Zealand 223","ODI"
"Pakistan","South Africa 219/8 (50/50 ov)","Pakistan 119/3 (27/27 ov, target: 101)



 Scorecard

	Report

	Articles","ODI"
"Sri","India 321/6 (50/50 ov)","Sri Lanka 322/3","ODI"
"Bangladesh","New Zealand 265/8 (50/50 ov)","Bangladesh 268/5","ODI"
"England","Australia 277/9 (50/50 ov)","England 240/4 (40.2/40.2 ov, target: 201)



 Scorecard

	Report

	Articles","ODI"
"India","South Africa 191 (44.3/50 ov)","India 193/2","ODI"
"Pakistan","Sri Lanka 236 (49.2/50 ov)","Pakistan 237/7","ODI"
"Pakistan","England 211 (49.5/50 ov)","Pakistan 215/2","ODI"
"India","Bangladesh 264/7 (50/50 ov)","India 265/1","ODI"
"Pakistan","Pakistan 338/4 (50/50 ov)","India 158","ODI"
"Afghanistan","Afghanistan 212/6 (50/50 ov)","West Indies 149","ODI"
"West","Afghanistan 135 (37.3/50 ov)","West Indies 138/6","ODI"
"Scotland","Scotland 317/6 (50/50 ov)","Zimbabwe 272 (41.4/43 ov, target: 299)



 Scorecard

	Report

	Articles","ODI"
"Zimbabwe","Scotland 169 (42/50 ov)","Zimbabwe 171/4","ODI"
"India","India 310/5 (43/43 ov)","West Indies 205/6","ODI"
"India","India 251/4 (50/50 ov)","West Indies 158","ODI"
"West","West Indies 189/9 (50/50 ov)","India 178","ODI"
"India","West Indies 205/9 (50/50 ov)","India 206/2","ODI"
"Zimbabwe","Sri Lanka 316/5 (50/50 ov)","Zimbabwe 322/4","ODI"
"Sri","Zimbabwe 155 (33.4/50 ov)","Sri Lanka 158/3","ODI"
"Sri","Zimbabwe 310/8 (50/50 ov)","Sri Lanka 312/2","ODI"
"Zimbabwe","Sri Lanka 300/6 (50/50 ov)","Zimbabwe 219/6","ODI"
"Zimbabwe","Sri Lanka 203/8 (50/50 ov)","Zimbabwe 204/7","ODI"
"India","Sri Lanka 216 (43.2/50 ov)","India 220/1","ODI"
"India","Sri Lanka 236/8 (50/50 ov)","India 231/7","ODI"
"India","Sri Lanka 217/9 (50/50 ov)","India 218/4","ODI"
"India","India 375/5 (50/50 ov)","Sri Lanka 207","ODI"
"India","Sri Lanka 238 (49.4/50 ov)","India 239/4","ODI"
"England","West Indies 204/9 (42/42 ov)","England 210/3","ODI"
"England","England 369/9 (50/50 ov)","West Indies 245","ODI"
"England","West Indies 356/5 (50/50 ov)","England 258/5 (35.1/35.1 ov, target: 253)



 Scorecard

	Report

	Articles","ODI"
"England","West Indies 288/6 (50/50 ov)","England 294/1","ODI"
"United","Papua New Guinea 102 (18.2/20 ov)","United Arab Emirates 108/5","T20I"
"United","United Arab Emirates 180/3 (20/20 ov)","Papua New Guinea 150","T20I"
"United","Papua New Guinea 128/5 (20/20 ov)","United Arab Emirates 130/5","T20I"
"Pakistan","West Indies 111/8 (20/20 ov)","Pakistan 115/4","T20I"
"Pakistan","Pakistan 132 (20/20 ov)","West Indies 129/8","T20I"
"West","Pakistan 137/8 (20/20 ov)","West Indies 138/3","T20I"
"Pakistan","West Indies 124/8 (20/20 ov)","Pakistan 127/3","T20I"
"West","Afghanistan 110 (20/20 ov)","West Indies 114/4","T20I"
"West","West Indies 112/3 (15/15 ov)","Afghanistan 93 (13.3/15 ov, target: 123)



 Scorecard

	Report

	Photos","T20I"
"West","Afghanistan 146/6 (20/20 ov)","West Indies 147/3","T20I"
"England","South Africa 142/3 (20/20 ov)","England 143/1","T20I"
"South","South Africa 174/8 (20/20 ov)","England 171/6","T20I"
"England","England 181/8 (20/20 ov)","South Africa 162/7","T20I"
"West","India 190/6 (20/20 ov)","West Indies 194/1","T20I"
"India","Sri Lanka 170/7 (20/20 ov)","India 174/3","T20I"
"West","West Indies 176/9 (20/20 ov)","England 155","T20I"
"Sunrisers","Sunrisers Hyderabad 207/4 (20/20 ov)","Royal Challengers Bangalore 172","T20L"
"Rising","Mumbai Indians 184/8 (20/20 ov)","Rising Pune Supergiant 187/3","T20L"
"Kolkata","Gujarat Lions 183/4 (20/20 ov)","Kolkata Knight Riders 184/0","T20L"
"Kings","Rising Pune Supergiant 163/6 (20/20 ov)","Kings XI Punjab 164/4","T20L"
"Royal","Royal Challengers Bangalore 157/8 (20/20 ov)","Delhi Daredevils 142/9","T20L"
"Sunrisers","Gujarat Lions 135/7 (20/20 ov)","Sunrisers Hyderabad 140/1","T20L"
"Mumbai","Kolkata Knight Riders 178/7 (20/20 ov)","Mumbai Indians 180/6","T20L"
"Kings","Royal Challengers Bangalore 148/4 (20/20 ov)","Kings XI Punjab 150/2","T20L"
"Delhi","Delhi Daredevils 205/4 (20/20 ov)","Rising Pune Supergiant 108","T20L"
"Mumbai","Sunrisers Hyderabad 158/8 (20/20 ov)","Mumbai Indians 159/6","T20L"
"Kolkata","Kings XI Punjab 170/9 (20/20 ov)","Kolkata Knight Riders 171/2","T20L"
"Mumbai","Royal Challengers Bangalore 142/5 (20/20 ov)","Mumbai Indians 145/6","T20L"
"Gujarat","Rising Pune Supergiant 171/8 (20/20 ov)","Gujarat Lions 172/3","T20L"
"Kolkata","Kolkata Knight Riders 172/6 (20/20 ov)","Sunrisers Hyderabad 155/6","T20L"
"Delhi","Delhi Daredevils 188/6 (20/20 ov)","Kings XI Punjab 137/9","T20L"
"Mumbai","Gujarat Lions 176/4 (20/20 ov)","Mumbai Indians 177/4","T20L"
"Rising","Rising Pune Supergiant 161/8 (20/20 ov)","Royal Challengers Bangalore 134/9","T20L"
"Kolkata","Delhi Daredevils 168/7 (20/20 ov)","Kolkata Knight Riders 169/6","T20L"
"Sunrisers","Sunrisers Hyderabad 159/6 (20/20 ov)","Kings XI Punjab 154","T20L"
"Royal","Royal Challengers Bangalore 213/2 (20/20 ov)","Gujarat Lions 192/7","T20L"
"Sunrisers","Sunrisers Hyderabad 191/4 (20/20 ov)","Delhi Daredevils 176/5","T20L"
"Mumbai","Kings XI Punjab 198/4 (20/20 ov)","Mumbai Indians 199/2","T20L"
"Gujarat","Kolkata Knight Riders 187/5 (20/20 ov)","Gujarat Lions 188/6","T20L"
"Rising","Sunrisers Hyderabad 176/3 (20/20 ov)","Rising Pune Supergiant 179/4","T20L"
"Mumbai","Mumbai Indians 142/8 (20/20 ov)","Delhi Daredevils 128/7","T20L"
"Kings","Kings XI Punjab 188/7 (20/20 ov)","Gujarat Lions 162/7","T20L"
"Kolkata","Kolkata Knight Riders 131 (19.3/20 ov)","Royal Challengers Bangalore 49","T20L"
"Rising","Rising Pune Supergiant 160/6 (20/20 ov)","Mumbai Indians 157/8","T20L"
"Kolkata","Rising Pune Supergiant 182/5 (20/20 ov)","Kolkata Knight Riders 184/3","T20L"
"Gujarat","Royal Challengers Bangalore 134 (20/20 ov)","Gujarat Lions 135/3","T20L"
"Kolkata","Delhi Daredevils 160/6 (20/20 ov)","Kolkata Knight Riders 161/3","T20L"
"Sunrisers","Sunrisers Hyderabad 207/3 (20/20 ov)","Kings XI Punjab 181/9","T20L"
"Rising","Rising Pune Supergiant 157/3 (20/20 ov)","Royal Challengers Bangalore 96/9","T20L"
"Kings","Delhi Daredevils 67 (17.1/20 ov)","Kings XI Punjab 68/0","T20L"
"Sunrisers","Sunrisers Hyderabad 209/3 (20/20 ov)","Kolkata Knight Riders 161/7","T20L"
"Mumbai","Royal Challengers Bangalore 162/8 (20/20 ov)","Mumbai Indians 165/5","T20L"
"Rising","Gujarat Lions 161 (19.5/20 ov)","Rising Pune Supergiant 167/5","T20L"
"Delhi","Sunrisers Hyderabad 185/3 (20/20 ov)","Delhi Daredevils 189/4","T20L"
"Rising","Kolkata Knight Riders 155/8 (20/20 ov)","Rising Pune Supergiant 158/6","T20L"
"Delhi","Gujarat Lions 208/7 (20/20 ov)","Delhi Daredevils 214/3","T20L"
"Kings","Kings XI Punjab 138/7 (20/20 ov)","Royal Challengers Bangalore 119","T20L"
"Rising","Rising Pune Supergiant 148/8 (20/20 ov)","Sunrisers Hyderabad 136/9","T20L"
"Mumbai","Mumbai Indians 212/3 (20/20 ov)","Delhi Daredevils 66","T20L"
"Kolkata","Royal Challengers Bangalore 158/6 (20/20 ov)","Kolkata Knight Riders 159/4","T20L"
"Gujarat","Kings XI Punjab 189/3 (20/20 ov)","Gujarat Lions 192/4","T20L"
"Sunrisers","Mumbai Indians 138/7 (20/20 ov)","Sunrisers Hyderabad 140/3","T20L"
"Kings","Kings XI Punjab 167/6 (20/20 ov)","Kolkata Knight Riders 153/6","T20L"
"Delhi","Gujarat Lions 195/5 (20/20 ov)","Delhi Daredevils 197/8","T20L"
"Kings","Kings XI Punjab 230/3 (20/20 ov)","Mumbai Indians 223/6","T20L"
"Delhi","Delhi Daredevils 168/8 (20/20 ov)","Rising Pune Supergiant 161/7","T20L"
"Sunrisers","Gujarat Lions 154 (19.2/20 ov)","Sunrisers Hyderabad 158/2","T20L"
"Mumbai","Mumbai Indians 173/5 (20/20 ov)","Kolkata Knight Riders 164/8","T20L"
"Rising","Kings XI Punjab 73 (15.5/20 ov)","Rising Pune Supergiant 78/1","T20L"
"Royal","Royal Challengers Bangalore 161/6 (20/20 ov)","Delhi Daredevils 151","T20L"
"Rising","Rising Pune Supergiant 162/4 (20/20 ov)","Mumbai Indians 142/9","T20L"
"Kolkata","Sunrisers Hyderabad 128/7 (20/20 ov)","Kolkata Knight Riders 48/3","T20L"
"Mumbai","Kolkata Knight Riders 107 (18.5/20 ov)","Mumbai Indians 111/4","T20L"
"Mumbai","Mumbai Indians 129/8 (20/20 ov)","Rising Pune Supergiant 128/6","T20L"
"Leinster","Leinster Lightning 153/8 (20/20 ov)","North-West Warriors 97","T20L"
"Leinster","Northern Knights 157/8 (20/20 ov)","Leinster Lightning 158/3","T20L"
"Leinster","Leinster Lightning 247/4 (20/20 ov)","Munster Reds 188/9","T20L"
"North-West","Northern Knights 118 (19.2/20 ov)","North-West Warriors 122/7","T20L"
"North-West","North-West Warriors 142/5 (20/20 ov)","Munster Reds 117","T20L"
"Leinster","Leinster Lightning 136/9 (20/20 ov)","Northern Knights 128","T20L"
"North-West","Leinster Lightning 118 (19.3/20 ov)","North-West Warriors 119/3","T20L"
"Northern","Northern Knights 209/5 (20/20 ov)","Munster Reds 154/9","T20L"
"Leinster","Munster Reds 118 (19.2/20 ov)","Leinster Lightning 120/5","T20L"
"Northern","North-West Warriors 123/4 (20/20 ov)","Northern Knights 124/4","T20L"
"Match","Gloucestershire 182/5 (20/20 ov)","Middlesex 182/9","T20L"
"Warwickshire","Worcestershire 152/9 (20/20 ov)","Warwickshire 153/2","T20L"
"Lancashire","Lancashire 192/6 (20/20 ov)","Durham 140/7","T20L"
"Hampshire","Hampshire 167/5 (20/20 ov)","Glamorgan 145/9","T20L"
"Derbyshire","Northamptonshire 179/6 (20/20 ov)","Derbyshire 180/3","T20L"
"Yorkshire","Yorkshire 227/5 (20/20 ov)","Nottinghamshire 179/8","T20L"
"Surrey","Surrey 188/8 (20/20 ov)","Essex 186/6","T20L"
"Derbyshire","Derbyshire 165/8 (20/20 ov)","Yorkshire 162/7","T20L"
"Warwickshire","Nottinghamshire 158/6 (20/20 ov)","Warwickshire 159/4","T20L"
"Northamptonshire","Durham 161/7 (20/20 ov)","Northamptonshire 162/4","T20L"
"Leicestershire","Lancashire 173/9 (20/20 ov)","Leicestershire 178/7","T20L"
"Surrey","Surrey 181/7 (20/20 ov)","Somerset 177/9","T20L"
"Glamorgan","Glamorgan 198/3 (20/20 ov)","Sussex 180/6","T20L"
"Kent","Essex 166/8 (20/20 ov)","Kent 169/3","T20L"
"Hampshire","Hampshire 188/3 (20/20 ov)","Sussex 169/7","T20L"
"Gloucestershire","Kent 152/8 (20/20 ov)","Gloucestershire 156/4","T20L"
"Middlesex","Surrey 158/9 (20/20 ov)","Middlesex 161/9","T20L"
"Essex","Essex 170/6 (20/20 ov)","Somerset 148/9","T20L"
"Leicestershire","Worcestershire 148/8 (20/20 ov)","Leicestershire 149/5","T20L"
"Kent","Surrey 205/5 (20/20 ov)","Kent 207/2","T20L"
"Hampshire","Hampshire 189/8 (20/20 ov)","Middlesex 160/7","T20L"
"Match","Lancashire 176/4 (20/20 ov)","Yorkshire 64/2 (8.1/8.1 ov, target: 65)



 Scorecard

	Report

	Photos","T20L"
"Northamptonshire","Warwickshire 156/4 (20/20 ov)","Northamptonshire 160/5","T20L"
"Glamorgan","Essex 219/4 (20/20 ov)","Glamorgan 224/5","T20L"
"Lancashire","Derbyshire 152/8 (20/20 ov)","Lancashire 155/5","T20L"
"Somerset","Somerset 207/9 (20/20 ov)","Middlesex 186/7","T20L"
"Leicestershire","Leicestershire 147/9 (20/20 ov)","Warwickshire 138/8","T20L"
"Gloucestershire","Gloucestershire 138/9 (20/20 ov)","Kent 130","T20L"
"Derbyshire","Worcestershire 186/5 (20/20 ov)","Derbyshire 189/3","T20L"
"Surrey","Surrey 150/9 (20/20 ov)","Essex 140/7","T20L"
"Middlesex","Middlesex 179/8 (20/20 ov)","Kent 163/8","T20L"
"Leicestershire","Leicestershire 144/8 (20/20 ov)","Durham 117/8","T20L"
"Sussex","Hampshire 126/9 (20/20 ov)","Sussex 127/4","T20L"
"Nottinghamshire","Nottinghamshire 227/3 (20/20 ov)","Derbyshire 222/5","T20L"
"Surrey","Surrey 156/7 (20/20 ov)","Middlesex 141/7","T20L"
"Yorkshire","Yorkshire 179/5 (20/20 ov)","Warwickshire 150","T20L"
"Essex","Hampshire 124/9 (20/20 ov)","Essex 129/3","T20L"
"Nottinghamshire","Northamptonshire 195/8 (20/20 ov)","Nottinghamshire 52/0 (5.1/5.1 ov, target: 41)



 Scorecard

	Report

	Photos","T20L"
"Lancashire","Lancashire 174/5 (20/20 ov)","Durham 143/8","T20L"
"Somerset","Middlesex 162/6 (16/16 ov)","Somerset 166/5","T20L"
"Warwickshire","Warwickshire 197/4 (20/20 ov)","Derbyshire 177/9","T20L"
"Yorkshire","Yorkshire 233/6 (20/20 ov)","Worcestershire 196/7","T20L"
"Nottinghamshire","Durham 123 (18.1/20 ov)","Nottinghamshire 129/1","T20L"
"Glamorgan","Glamorgan 176/5 (20/20 ov)","Gloucestershire 151/7","T20L"
"Warwickshire","Warwickshire 187/7 (20/20 ov)","Leicestershire 157/8","T20L"
"Derbyshire","Derbyshire 211/5 (20/20 ov)","Lancashire 176/9","T20L"
"Somerset","Somerset 204/9 (20/20 ov)","Hampshire 190","T20L"
"Worcestershire","Worcestershire 208/8 (20/20 ov)","Nottinghamshire 195/5","T20L"
"Yorkshire","Yorkshire 152/8 (20/20 ov)","Durham 128/7","T20L"
"Middlesex","Middlesex 203/6 (20/20 ov)","Essex 131","T20L"
"Northamptonshire","Worcestershire 158 (20/20 ov)","Northamptonshire 160/3","T20L"
"Kent","Somerset 197/6 (20/20 ov)","Kent 181/3","T20L"
"Durham","Leicestershire 88/2 (7/7 ov)","Durham 90/4","T20L"
"Derbyshire","Leicestershire 104/9 (20/20 ov)","Derbyshire 107/3","T20L"
"Nottinghamshire","Yorkshire 223/5 (20/20 ov)","Nottinghamshire 225/5","T20L"
"Warwickshire","Lancashire 174/8 (20/20 ov)","Warwickshire 176/5","T20L"
"Worcestershire","Durham 201/2 (20/20 ov)","Worcestershire 204/2","T20L"
"Glamorgan","Glamorgan 199/2 (20/20 ov)","Kent 174/4","T20L"
"Warwickshire","Warwickshire 172/9 (20/20 ov)","Northamptonshire 170/7","T20L"
"Kent","Kent 159/6 (20/20 ov)","Hampshire 154/4","T20L"
"Hampshire","Middlesex 136 (19.1/20 ov)","Hampshire 137/4","T20L"
"Northamptonshire","Northamptonshire 158/4 (20/20 ov)","Lancashire 147/9","T20L"
"Derbyshire","Yorkshire 180/5 (20/20 ov)","Derbyshire 184/5","T20L"
"Sussex","Surrey 148/8 (20/20 ov)","Sussex 150/2","T20L"
"Durham","Durham 157/3 (20/20 ov)","Yorkshire 156/7","T20L"
"Gloucestershire","Somerset 146 (19.4/20 ov)","Gloucestershire 152/3","T20L"
"Lancashire","Lancashire 173/5 (20/20 ov)","Leicestershire 169/3","T20L"
"Glamorgan","Glamorgan 181/6 (20/20 ov)","Surrey 175/7","T20L"
"Nottinghamshire","Nottinghamshire 189/4 (20/20 ov)","Derbyshire 181/7","T20L"
"Essex","Hampshire 168/6 (20/20 ov)","Essex 169/6","T20L"
"Sussex","Kent 163/9 (20/20 ov)","Sussex 167/5","T20L"
"Worcestershire","Worcestershire 190/7 (20/20 ov)","Warwickshire 185/7","T20L"
"Nottinghamshire","Durham 183/7 (20/20 ov)","Nottinghamshire 184/5","T20L"
"Northamptonshire","Northamptonshire 195/4 (20/20 ov)","Worcestershire 171/6","T20L"
"Somerset","Surrey 157/6 (20/20 ov)","Somerset 158/6","T20L"
"Middlesex","Middlesex 147/6 (20/20 ov)","Sussex 145/8","T20L"
"Hampshire","Glamorgan 118/6 (20/20 ov)","Hampshire 119/2","T20L"
"Durham","Durham 165/5 (20/20 ov)","Worcestershire 152/5","T20L"
"Leicestershire","Leicestershire 193/5 (20/20 ov)","Northamptonshire 145/7","T20L"
"Nottinghamshire","Warwickshire 180/7 (20/20 ov)","Nottinghamshire 183/5","T20L"
"Yorkshire","Yorkshire 182/7 (20/20 ov)","Lancashire 163","T20L"
"Essex","Essex 172/9 (20/20 ov)","Middlesex 163/7","T20L"
"Hampshire","Kent 167/7 (20/20 ov)","Hampshire 171/4","T20L"
"Sussex","Gloucestershire 138 (18.5/20 ov)","Sussex 139/5","T20L"
"Leicestershire","Yorkshire 182/5 (20/20 ov)","Leicestershire 183/6","T20L"
"Kent","Somerset 149 (18.5/20 ov)","Kent 151/4","T20L"
"Warwickshire","Durham 145/8 (20/20 ov)","Warwickshire 148/2","T20L"
"Essex","Gloucestershire 121/8 (20/20 ov)","Essex 122/7","T20L"
"Glamorgan","Glamorgan 183/6 (20/20 ov)","Somerset 182/6","T20L"
"Surrey","Surrey 193/2 (20/20 ov)","Sussex 176/7","T20L"
"Nottinghamshire","Nottinghamshire 145 (19.3/20 ov)","Worcestershire 134/8","T20L"
"Middlesex","Middlesex 161/5 (20/20 ov)","Gloucestershire 100","T20L"
"Derbyshire","Durham 161/7 (20/20 ov)","Derbyshire 164/7","T20L"
"Lancashire","Worcestershire 127/8 (20/20 ov)","Lancashire 128/3","T20L"
"Leicestershire","Derbyshire 139/7 (20/20 ov)","Leicestershire 143/6","T20L"
"Surrey","Gloucestershire 130/9 (20/20 ov)","Surrey 134/8","T20L"
"Kent","Kent 221/2 (20/20 ov)","Essex 210/5","T20L"
"Yorkshire","Yorkshire 260/4 (20/20 ov)","Northamptonshire 136","T20L"
"Derbyshire","Derbyshire 146/8 (20/20 ov)","Worcestershire 98","T20L"
"Glamorgan","Middlesex 99/8 (14/14 ov)","Glamorgan 100/3","T20L"
"Somerset","Somerset 189/3 (20/20 ov)","Hampshire 91","T20L"
"Surrey","Surrey 154/9 (20/20 ov)","Kent 144/8","T20L"
"Warwickshire","Lancashire 163/4 (20/20 ov)","Warwickshire 169/8","T20L"
"Leicestershire","Leicestershire 203/5 (20/20 ov)","Nottinghamshire 201/8","T20L"
"Sussex","Sussex 172/4 (20/20 ov)","Essex 117","T20L"
"Hampshire","Hampshire 249/8 (20/20 ov)","Derbyshire 148","T20L"
"Glamorgan","Leicestershire 123 (19.2/20 ov)","Glamorgan 126/1","T20L"
"Nottinghamshire","Somerset 151/6 (20/20 ov)","Nottinghamshire 152/5","T20L"
"Warwickshire","Surrey 204/5 (20/20 ov)","Warwickshire 207/4","T20L"
"Warwickshire","Warwickshire 175/9 (20/20 ov)","Glamorgan 164","T20L"
"Nottinghamshire","Nottinghamshire 169/7 (20/20 ov)","Hampshire 146","T20L"
"Nottinghamshire","Nottinghamshire 190/4 (20/20 ov)","Warwickshire 168/8","T20L"
"Trinbago","St Lucia Stars 132/9 (20/20 ov)","Trinbago Knight Riders 137/1","T20L"
"St","Guyana Amazon Warriors 123/7 (20/20 ov)","St Kitts and Nevis Patriots 124/6","T20L"
"Barbados","Barbados Tridents 142/7 (20/20 ov)","Jamaica Tallawahs 130/6","T20L"
"St","St Kitts and Nevis Patriots 132/3 (20/20 ov)","Guyana Amazon Warriors 128/8","T20L"
"Jamaica","Jamaica Tallawahs 154/5 (20/20 ov)","Barbados Tridents 142","T20L"
"Trinbago","St Lucia Stars 118/9 (20/20 ov)","Trinbago Knight Riders 120/6","T20L"
"Jamaica","Trinbago Knight Riders 147 (19.5/20 ov)","Jamaica Tallawahs 148/6","T20L"
"Barbados","Barbados Tridents 196/4 (20/20 ov)","St Lucia Stars 129/6 (15.2/15.2 ov, target: 151)



 Scorecard

	Report

	Photos","T20L"
"Trinbago","Guyana Amazon Warriors 156/7 (20/20 ov)","Trinbago Knight Riders 162/3","T20L"
"St","St Kitts and Nevis Patriots 196/6 (20/20 ov)","St Lucia Stars 163/8","T20L"
"Trinbago","Barbados Tridents 152/9 (20/20 ov)","Trinbago Knight Riders 155/8","T20L"
"Guyana","St Lucia Stars 152/8 (20/20 ov)","Guyana Amazon Warriors 153/4","T20L"
"Trinbago","St Kitts and Nevis Patriots 158/7 (20/20 ov)","Trinbago Knight Riders 161/6","T20L"
"Jamaica","St Lucia Stars 173/7 (20/20 ov)","Jamaica Tallawahs 179/5","T20L"
"Jamaica","Jamaica Tallawahs 128/7 (20/20 ov)","Guyana Amazon Warriors 126/4","T20L"
"St","Barbados Tridents 168/6 (20/20 ov)","St Kitts and Nevis Patriots 84/1 (9.3/9.3 ov, target: 68)



 Scorecard

	Report

	Photos","T20L"
"Trinbago","Guyana Amazon Warriors 130/5 (20/20 ov)","Trinbago Knight Riders 131/3","T20L"
"Guyana","Barbados Tridents 159/4 (20/20 ov)","Guyana Amazon Warriors 160/6","T20L"
"St","St Kitts and Nevis Patriots 208/3 (20/20 ov)","Jamaica Tallawahs 171/7","T20L"
"Guyana","St Lucia Stars 100/7 (20/20 ov)","Guyana Amazon Warriors 101/3","T20L"
"Trinbago","St Kitts and Nevis Patriots 162/3 (13/13 ov)","Trinbago Knight Riders 88/2","T20L"
"Jamaica","St Lucia Stars 172/8 (20/20 ov)","Jamaica Tallawahs 176/4","T20L"
"Trinbago","Trinbago Knight Riders 208/6 (20/20 ov)","Jamaica Tallawahs 172/7","T20L"
"Guyana","Guyana Amazon Warriors 158/8 (20/20 ov)","Barbados Tridents 59","T20L"
"Jamaica","Jamaica Tallawahs 157/5 (20/20 ov)","St Kitts and Nevis Patriots 116","T20L"
"Barbados","Barbados Tridents 195/4 (20/20 ov)","St Lucia Stars 166/4","T20L"
"Guyana","Jamaica Tallawahs 149/7 (20/20 ov)","Guyana Amazon Warriors 150/1","T20L"
"Barbados","Barbados Tridents 136/9 (20/20 ov)","Trinbago Knight Riders 120","T20L"
"St","Barbados Tridents 128/9 (20/20 ov)","St Kitts and Nevis Patriots 129/0","T20L"
"St","St Kitts and Nevis Patriots 149/7 (20/20 ov)","Trinbago Knight Riders 111","T20L"
"Guyana","Jamaica Tallawahs 168/8 (20/20 ov)","Guyana Amazon Warriors 169/5","T20L"
"Trinbago","Guyana Amazon Warriors 159/6 (20/20 ov)","Trinbago Knight Riders 160/4","T20L"
"Trinbago","St Kitts and Nevis Patriots 135/6 (20/20 ov)","Trinbago Knight Riders 136/7","T20L"
